"DESCRIPTION","DURATION IN MS","NAME","PARENT SUITE","START TIME","STATUS","STOP TIME","SUB SUITE","SUITE","TEST CLASS","TEST METHOD"
"","10","testcases[data19]","testcases","Wed Sep 03 21:39:11 CST 2025","passed","Wed Sep 03 21:39:11 CST 2025","TestCase","testcase","",""
"","18","testcases[data3]","testcases","Wed Sep 03 21:39:10 CST 2025","passed","Wed Sep 03 21:39:10 CST 2025","TestCase","testcase","",""
"","13","testcases[data23]","testcases","Wed Sep 03 21:39:11 CST 2025","passed","Wed Sep 03 21:39:11 CST 2025","TestCase","testcase","",""
"","16","testcases[data12]","testcases","Wed Sep 03 21:39:11 CST 2025","passed","Wed Sep 03 21:39:11 CST 2025","TestCase","testcase","",""
"","16","testcases[data8]","testcases","Wed Sep 03 21:39:11 CST 2025","passed","Wed Sep 03 21:39:11 CST 2025","TestCase","testcase","",""
"","17","testcases[data21]","testcases","Wed Sep 03 21:39:11 CST 2025","passed","Wed Sep 03 21:39:11 CST 2025","TestCase","testcase","",""
"","12","testcases[data17]","testcases","Wed Sep 03 21:39:11 CST 2025","passed","Wed Sep 03 21:39:11 CST 2025","TestCase","testcase","",""
"","26","testcases[data2]","testcases","Wed Sep 03 21:39:10 CST 2025","passed","Wed Sep 03 21:39:10 CST 2025","TestCase","testcase","",""
"","11","testcases[data18]","testcases","Wed Sep 03 21:39:11 CST 2025","passed","Wed Sep 03 21:39:11 CST 2025","TestCase","testcase","",""
"","36","testcases[data14]","testcases","Wed Sep 03 21:39:11 CST 2025","passed","Wed Sep 03 21:39:11 CST 2025","TestCase","testcase","",""
"","160","testcases[data1]","testcases","Wed Sep 03 21:39:10 CST 2025","passed","Wed Sep 03 21:39:10 CST 2025","TestCase","testcase","",""
"","17","testcases[data15]","testcases","Wed Sep 03 21:39:11 CST 2025","passed","Wed Sep 03 21:39:11 CST 2025","TestCase","testcase","",""
"","12","testcases[data6]","testcases","Wed Sep 03 21:39:10 CST 2025","passed","Wed Sep 03 21:39:10 CST 2025","TestCase","testcase","",""
"","15","testcases[data10]","testcases","Wed Sep 03 21:39:11 CST 2025","passed","Wed Sep 03 21:39:11 CST 2025","TestCase","testcase","",""
"","26","testcases[data5]","testcases","Wed Sep 03 21:39:10 CST 2025","passed","Wed Sep 03 21:39:10 CST 2025","TestCase","testcase","",""
"","21","testcases[data4]","testcases","Wed Sep 03 21:39:10 CST 2025","passed","Wed Sep 03 21:39:10 CST 2025","TestCase","testcase","",""
"","13","testcases[data20]","testcases","Wed Sep 03 21:39:11 CST 2025","passed","Wed Sep 03 21:39:11 CST 2025","TestCase","testcase","",""
"","14","testcases[data24]","testcases","Wed Sep 03 21:39:11 CST 2025","passed","Wed Sep 03 21:39:11 CST 2025","TestCase","testcase","",""
"","16","testcases[data22]","testcases","Wed Sep 03 21:39:11 CST 2025","passed","Wed Sep 03 21:39:11 CST 2025","TestCase","testcase","",""
"","14","testcases[data13]","testcases","Wed Sep 03 21:39:11 CST 2025","passed","Wed Sep 03 21:39:11 CST 2025","TestCase","testcase","",""
"","25","testcases[data9]","testcases","Wed Sep 03 21:39:11 CST 2025","passed","Wed Sep 03 21:39:11 CST 2025","TestCase","testcase","",""
"","16","testcases[data25]","testcases","Wed Sep 03 21:39:11 CST 2025","passed","Wed Sep 03 21:39:11 CST 2025","TestCase","testcase","",""
"","280","testcases[data0]","testcases","Wed Sep 03 21:39:10 CST 2025","passed","Wed Sep 03 21:39:10 CST 2025","TestCase","testcase","",""
"","16","testcases[data16]","testcases","Wed Sep 03 21:39:11 CST 2025","passed","Wed Sep 03 21:39:11 CST 2025","TestCase","testcase","",""
"","15","testcases[data11]","testcases","Wed Sep 03 21:39:11 CST 2025","passed","Wed Sep 03 21:39:11 CST 2025","TestCase","testcase","",""
"","20","testcases[data7]","testcases","Wed Sep 03 21:39:11 CST 2025","passed","Wed Sep 03 21:39:11 CST 2025","TestCase","testcase","",""
